10,EMITTER_NAME_EMITTER_1RL138
45,EMITTER_NAME_EMITTER_1226_DECCA_MIL
80,EMITTER_NAME_EMITTER_9GR400
90,EMITTER_NAME_EMITTER_9GR600
135,EMITTER_NAME_EMITTER_9LV_200_TA
180,EMITTER_NAME_EMITTER_9LV_200_TV
225,EMITTER_NAME_EMITTER_A310Z
270,EMITTER_NAME_EMITTER_A325A
315,EMITTER_NAME_EMITTER_A346Z
360,EMITTER_NAME_EMITTER_A353B
405,EMITTER_NAME_EMITTER_A372A
450,EMITTER_NAME_EMITTER_A372B
495,EMITTER_NAME_EMITTER_A372C
540,EMITTER_NAME_EMITTER_A377A
585,EMITTER_NAME_EMITTER_A377B
630,EMITTER_NAME_EMITTER_A380Z
675,EMITTER_NAME_EMITTER_A381Z
720,EMITTER_NAME_EMITTER_A398Z
765,EMITTER_NAME_EMITTER_A403Z
810,EMITTER_NAME_EMITTER_A409A
855,EMITTER_NAME_EMITTER_A418A
900,EMITTER_NAME_EMITTER_A419Z
945,EMITTER_NAME_EMITTER_A429Z
990,EMITTER_NAME_EMITTER_A432Z
1035,EMITTER_NAME_EMITTER_A434Z
1080,EMITTER_NAME_EMITTER_A401A
1095,EMITTER_NAME_EMITTER_AA_12_SEEKER
1100,EMITTER_NAME_EMITTER_AGAVE
1125,EMITTER_NAME_EMITTER_AGRION_15
1170,EMITTER_NAME_EMITTER_AI_MK_23
1215,EMITTER_NAME_EMITTER_AIDA_II
1260,EMITTER_NAME_EMITTER_ALBATROS_MK2
1280,EMITTER_NAME_EMITTER_BOX_SPRING
1282,EMITTER_NAME_EMITTER_BOX_SPRING_B
1305,EMITTER_NAME_EMITTER_ANA_SPS_502
1350,EMITTER_NAME_EMITTER_ANRITSU_ELECTRIC_AR_30A
1395,EMITTER_NAME_EMITTER_ANTILOPE_V
1400,EMITTER_NAME_EMITTER_AN_ALE_50
1410,EMITTER_NAME_EMITTER_AN_ALQ_76
1440,EMITTER_NAME_EMITTER_AN_ALQ_99
1485,EMITTER_NAME_EMITTER_AN_ALQ_100
1530,EMITTER_NAME_EMITTER_AN_ALQ_101
1575,EMITTER_NAME_EMITTER_AN_ALQ_119
1585,EMITTER_NAME_EMITTER_AN_ALQ_122
1620,EMITTER_NAME_EMITTER_AN_ALQ_126A
1626,EMITTER_NAME_EMITTER_AN_ALQ_131
1628,EMITTER_NAME_EMITTER_AN_ALQ_135C_D
1630,EMITTER_NAME_EMITTER_AN_ALQ_144AV3
1632,EMITTER_NAME_EMITTER_AN_ALQ_153
1634,EMITTER_NAME_EMITTER_AN_ALQ_155
1636,EMITTER_NAME_EMITTER_AN_ALQ_161_A
1638,EMITTER_NAME_EMITTER_AN_ALQ_162
1639,EMITTER_NAME_EMITTER_AN_ALQ_164
1640,EMITTER_NAME_EMITTER_AN_ALQ_165
1642,EMITTER_NAME_EMITTER_AN_ALQ_167
1643,EMITTER_NAME_EMITTER_AN_ALQ_172V1
1644,EMITTER_NAME_EMITTER_AN_ALQ_172V2
1645,EMITTER_NAME_EMITTER_AN_ALQ_172V3
1646,EMITTER_NAME_EMITTER_AN_ALQ_176
1648,EMITTER_NAME_EMITTER_AN_ALQ_184
1649,EMITTER_NAME_EMITTER_AN_ALQ_184V9
1650,EMITTER_NAME_EMITTER_AN_ALQ_188
1651,EMITTER_NAME_EMITTER_AN_ALQ_214
1652,EMITTER_NAME_EMITTER_AN_ALR_56
1653,EMITTER_NAME_EMITTER_AN_ALQ_221
1654,EMITTER_NAME_EMITTER_AN_ALR_69
1656,EMITTER_NAME_EMITTER_AN_ALT_16A
1658,EMITTER_NAME_EMITTER_AN_ALT_28
1660,EMITTER_NAME_EMITTER_AN_ALT_32A
1665,EMITTER_NAME_EMITTER_AN_APD_10
1710,EMITTER_NAME_EMITTER_AN_APG_53
1755,EMITTER_NAME_EMITTER_AN_APG_59
1800,EMITTER_NAME_EMITTER_AN_APG_63AB
1805,EMITTER_NAME_EMITTER_AN_APG_63V1_C
1807,EMITTER_NAME_EMITTER_AN_APG_63V2
1809,EMITTER_NAME_EMITTER_AN_APG_63V3
1845,EMITTER_NAME_EMITTER_AN_APG_65
1870,EMITTER_NAME_EMITTER_AN_APG_66
1890,EMITTER_NAME_EMITTER_AN_APG_68
1935,EMITTER_NAME_EMITTER_AN_APG_70
1945,EMITTER_NAME_EMITTER_AN_APG_73
1960,EMITTER_NAME_EMITTER_AN_APG_77
1970,EMITTER_NAME_EMITTER_AN_APG_78
1971,EMITTER_NAME_EMITTER_AN_APG_79
1980,EMITTER_NAME_EMITTER_AN_APG_502
2025,EMITTER_NAME_EMITTER_AN_APN_1
2070,EMITTER_NAME_EMITTER_AN_APN_22
2115,EMITTER_NAME_EMITTER_AN_APN_59
2160,EMITTER_NAME_EMITTER_AN_APN_69
2205,EMITTER_NAME_EMITTER_AN_APN_81
2250,EMITTER_NAME_EMITTER_AN_APN_117
2295,EMITTER_NAME_EMITTER_AN_APN_118
2340,EMITTER_NAME_EMITTER_AN_APN_130
2385,EMITTER_NAME_EMITTER_AN_APN_131
2430,EMITTER_NAME_EMITTER_AN_APN_133
2475,EMITTER_NAME_EMITTER_AN_APN_134
2520,EMITTER_NAME_EMITTER_AN_APN_147
2565,EMITTER_NAME_EMITTER_AN_APN_150
2610,EMITTER_NAME_EMITTER_AN_APN_153
2655,EMITTER_NAME_EMITTER_AN_APN_154
2700,EMITTER_NAME_EMITTER_AN_APN_155
2745,EMITTER_NAME_EMITTER_AN_APN_159
2790,EMITTER_NAME_EMITTER_AN_APN_182
2835,EMITTER_NAME_EMITTER_AN_APN_187
2880,EMITTER_NAME_EMITTER_AN_APN_190
2925,EMITTER_NAME_EMITTER_AN_APN_194
2970,EMITTER_NAME_EMITTER_AN_APN_195
3015,EMITTER_NAME_EMITTER_AN_APN_198
3060,EMITTER_NAME_EMITTER_AN_APN_200
3105,EMITTER_NAME_EMITTER_AN_APN_202
3120,EMITTER_NAME_EMITTER_AN_APN_209
3150,EMITTER_NAME_EMITTER_AN_APN_217
3152,EMITTER_NAME_EMITTER_AN_APN_218
3153,EMITTER_NAME_EMITTER_AN_APN_224
3154,EMITTER_NAME_EMITTER_AN_APN_227
3155,EMITTER_NAME_EMITTER_AN_APN_230
3156,EMITTER_NAME_EMITTER_AN_APN_232
3158,EMITTER_NAME_EMITTER_AN_APN_234
3159,EMITTER_NAME_EMITTER_AN_APN_235
3160,EMITTER_NAME_EMITTER_AN_APN_238
3162,EMITTER_NAME_EMITTER_AN_APN_239
3164,EMITTER_NAME_EMITTER_AN_APN_241
3166,EMITTER_NAME_EMITTER_AN_APN_242
3170,EMITTER_NAME_EMITTER_AN_APN_243
3195,EMITTER_NAME_EMITTER_AN_APN_506
3240,EMITTER_NAME_EMITTER_AN_APQ_72
3285,EMITTER_NAME_EMITTER_AN_APQ_99
3330,EMITTER_NAME_EMITTER_AN_APQ_100
3375,EMITTER_NAME_EMITTER_AN_APQ_102
3420,EMITTER_NAME_EMITTER_AN_APQ_109
3465,EMITTER_NAME_EMITTER_AN_APQ_113
3510,EMITTER_NAME_EMITTER_AN_APQ_120
3555,EMITTER_NAME_EMITTER_AN_APQ_126
3600,EMITTER_NAME_EMITTER_AN_APQ_128
3645,EMITTER_NAME_EMITTER_AN_APQ_129
3690,EMITTER_NAME_EMITTER_AN_APQ_148
3735,EMITTER_NAME_EMITTER_AN_APQ_153
3780,EMITTER_NAME_EMITTER_AN_APQ_159
3785,EMITTER_NAME_EMITTER_AN_APQ_164
3788,EMITTER_NAME_EMITTER_AN_APQ_166
3795,EMITTER_NAME_EMITTER_AN_APQ_181
3820,EMITTER_NAME_EMITTER_AN_APS_31
3825,EMITTER_NAME_EMITTER_AN_APS_42
3870,EMITTER_NAME_EMITTER_AN_APS_80
3915,EMITTER_NAME_EMITTER_AN_APS_88
3960,EMITTER_NAME_EMITTER_AN_APS_115
4005,EMITTER_NAME_EMITTER_AN_APS_116
4050,EMITTER_NAME_EMITTER_AN_APS_120
4095,EMITTER_NAME_EMITTER_AN_APS_121
4140,EMITTER_NAME_EMITTER_AN_APS_124
4185,EMITTER_NAME_EMITTER_AN_APS_125
4230,EMITTER_NAME_EMITTER_AN_APS_128
4275,EMITTER_NAME_EMITTER_AN_APS_130
4320,EMITTER_NAME_EMITTER_AN_APS_133
4365,EMITTER_NAME_EMITTER_AN_APS_134
4410,EMITTER_NAME_EMITTER_AN_APS_137
4455,EMITTER_NAME_EMITTER_AN_APS_138
4465,EMITTER_NAME_EMITTER_AN_APS_143V1
4480,EMITTER_NAME_EMITTER_AN_APS_150
4500,EMITTER_NAME_EMITTER_AN_APW_22
4545,EMITTER_NAME_EMITTER_AN_APW_23
4590,EMITTER_NAME_EMITTER_AN_APX_6
4635,EMITTER_NAME_EMITTER_AN_APX_7
4680,EMITTER_NAME_EMITTER_AN_APX_39
4725,EMITTER_NAME_EMITTER_AN_APX_72
4770,EMITTER_NAME_EMITTER_AN_APX_76
4815,EMITTER_NAME_EMITTER_AN_APX_78
4860,EMITTER_NAME_EMITTER_AN_APX_101
4870,EMITTER_NAME_EMITTER_AN_APX_113_AIFF
4900,EMITTER_NAME_EMITTER_AN_APY_1
4905,EMITTER_NAME_EMITTER_AN_APY_2
4950,EMITTER_NAME_EMITTER_AN_APY_3
4952,EMITTER_NAME_EMITTER_AN_APY_7
4953,EMITTER_NAME_EMITTER_AN_APY_8
4995,EMITTER_NAME_EMITTER_AN_ARN_21
5040,EMITTER_NAME_EMITTER_AN_ARN_52
5085,EMITTER_NAME_EMITTER_AN_ARN_84
5130,EMITTER_NAME_EMITTER_AN_ARN_118
5165,EMITTER_NAME_EMITTER_AN_ARN_153
5175,EMITTER_NAME_EMITTER_AN_ARW_73
5220,EMITTER_NAME_EMITTER_AN_ASB_1
5265,EMITTER_NAME_EMITTER_AN_ASG_21
5280,EMITTER_NAME_EMITTER_AN_ASQ_108
5310,EMITTER_NAME_EMITTER_AN_AWG_9
5355,EMITTER_NAME_EMITTER_AN_BPS_9
5400,EMITTER_NAME_EMITTER_AN_BPS_15
5405,EMITTER_NAME_EMITTER_AN_BPS_16
5420,EMITTER_NAME_EMITTER_AN_CRM_30
5430,EMITTER_NAME_EMITTER_AN_DPW_23
5445,EMITTER_NAME_EMITTER_AN_DSQ_26_PHOENIX_MH
5490,EMITTER_NAME_EMITTER_AN_DSQ_28_HARPOON_MH
5495,EMITTER_NAME_EMITTER_AN_FPN_40
5500,EMITTER_NAME_EMITTER_AN_FPN_62
5505,EMITTER_NAME_EMITTER_AN_FPS_16
5507,EMITTER_NAME_EMITTER_AN_FPS_18
5508,EMITTER_NAME_EMITTER_AN_FPS_89
5510,EMITTER_NAME_EMITTER_AN_FPS_117
5515,EMITTER_NAME_EMITTER_AN_FPS_20R
5520,EMITTER_NAME_EMITTER_AN_FPS_77
5525,EMITTER_NAME_EMITTER_AN_FPS_103
5527,EMITTER_NAME_EMITTER_AN_GPN_12
5530,EMITTER_NAME_EMITTER_AN_GPX_6
5535,EMITTER_NAME_EMITTER_AN_GPX_8
5537,EMITTER_NAME_EMITTER_AN_GRN_12
5540,EMITTER_NAME_EMITTER_AN_MPQ_10
5545,EMITTER_NAME_EMITTER_AN_MPQ_33_39_46_57_61_HPIR_ILL
5550,EMITTER_NAME_EMITTER_AN_MPQ_34_48_55_62_CWAR_TA
5551,EMITTER_NAME_EMITTER_AN_MPQ_49
5555,EMITTER_NAME_EMITTER_AN_MPQ_35_50_PAR_TA
5560,EMITTER_NAME_EMITTER_AN_MPQ_37_51_ROR_TT
5570,EMITTER_NAME_EMITTER_AN_MPQ_53
5571,EMITTER_NAME_EMITTER_AN_MPQ_63
5575,EMITTER_NAME_EMITTER_AN_MPQ_64
5580,EMITTER_NAME_EMITTER_AN_SPG_34
5625,EMITTER_NAME_EMITTER_AN_SPG_50
5670,EMITTER_NAME_EMITTER_AN_SPG_51
5715,EMITTER_NAME_EMITTER_AN_SPG_51_CWI_TI
5760,EMITTER_NAME_EMITTER_AN_SPG_51_FC
5805,EMITTER_NAME_EMITTER_AN_SPG_52
5850,EMITTER_NAME_EMITTER_AN_SPG_53
5895,EMITTER_NAME_EMITTER_AN_SPG_55B
5940,EMITTER_NAME_EMITTER_AN_SPG_60
5985,EMITTER_NAME_EMITTER_AN_SPG_62
6030,EMITTER_NAME_EMITTER_AN_SPN_35
6075,EMITTER_NAME_EMITTER_AN_SPN_43
6120,EMITTER_NAME_EMITTER_AN_SPQ_2
6165,EMITTER_NAME_EMITTER_AN_SPQ_9
6210,EMITTER_NAME_EMITTER_AN_SPS_4
6255,EMITTER_NAME_EMITTER_AN_SPS_5
6300,EMITTER_NAME_EMITTER_AN_SPS_5C
6345,EMITTER_NAME_EMITTER_AN_SPS_6
6390,EMITTER_NAME_EMITTER_AN_SPS_10
6435,EMITTER_NAME_EMITTER_AN_SPS_21
6480,EMITTER_NAME_EMITTER_AN_SPS_28
6525,EMITTER_NAME_EMITTER_AN_SPS_37
6570,EMITTER_NAME_EMITTER_AN_SPS_39A
6615,EMITTER_NAME_EMITTER_AN_SPS_40
6660,EMITTER_NAME_EMITTER_AN_SPS_41
6705,EMITTER_NAME_EMITTER_AN_SPS_48
6750,EMITTER_NAME_EMITTER_AN_SPS_48C
6752,EMITTER_NAME_EMITTER_AN_SPS_48E
6795,EMITTER_NAME_EMITTER_AN_SPS_49
6796,EMITTER_NAME_EMITTER_AN_SPS_49V1
6797,EMITTER_NAME_EMITTER_AN_SPS_49V2
6798,EMITTER_NAME_EMITTER_AN_SPS_49V3
6799,EMITTER_NAME_EMITTER_AN_SPS_49V4
6800,EMITTER_NAME_EMITTER_AN_SPS_49V5
6801,EMITTER_NAME_EMITTER_AN_SPS_49V6
6802,EMITTER_NAME_EMITTER_AN_SPS_49V7
6803,EMITTER_NAME_EMITTER_AN_SPS_49V8
6804,EMITTER_NAME_EMITTER_AN_SPS_49AV1
6840,EMITTER_NAME_EMITTER_AN_SPS_52
6885,EMITTER_NAME_EMITTER_AN_SPS_53
6930,EMITTER_NAME_EMITTER_AN_SPS_55
6975,EMITTER_NAME_EMITTER_AN_SPS_55_SS
7020,EMITTER_NAME_EMITTER_AN_SPS_58
7065,EMITTER_NAME_EMITTER_AN_SPS_59
7110,EMITTER_NAME_EMITTER_AN_SPS_64
7155,EMITTER_NAME_EMITTER_AN_SPS_65
7200,EMITTER_NAME_EMITTER_AN_SPS_67
7245,EMITTER_NAME_EMITTER_AN_SPY_1
7250,EMITTER_NAME_EMITTER_AN_SPY_1A
7252,EMITTER_NAME_EMITTER_AN_SPY_1B
7253,EMITTER_NAME_EMITTER_AN_SPY_1BV
7260,EMITTER_NAME_EMITTER_AN_SPY_1D
7261,EMITTER_NAME_EMITTER_AN_SPY_1DV
7265,EMITTER_NAME_EMITTER_AN_SPY_1F
7270,EMITTER_NAME_EMITTER_AN_TPN_17
7275,EMITTER_NAME_EMITTER_AN_TPN_24
7280,EMITTER_NAME_EMITTER_AN_TPQ_18
7295,EMITTER_NAME_EMITTER_AN_TPQ_36
7300,EMITTER_NAME_EMITTER_AN_TPQ_37
7301,EMITTER_NAME_EMITTER_AN_TPQ_38_V8
7303,EMITTER_NAME_EMITTER_AN_TPQ_47
7305,EMITTER_NAME_EMITTER_AN_TPS_43
7310,EMITTER_NAME_EMITTER_AN_TPS_43E
7315,EMITTER_NAME_EMITTER_AN_TPS_59
7320,EMITTER_NAME_EMITTER_AN_TPS_63
7322,EMITTER_NAME_EMITTER_AN_TPS_70V1
7325,EMITTER_NAME_EMITTER_AN_TPS_75
7330,EMITTER_NAME_EMITTER_AN_TPX_46V7
7335,EMITTER_NAME_EMITTER_AN_ULQ_6A
7380,EMITTER_NAME_EMITTER_AN_UPN_25
7425,EMITTER_NAME_EMITTER_AN_UPS_1
7426,EMITTER_NAME_EMITTER_AN_UPS_2
7470,EMITTER_NAME_EMITTER_AN_UPX_1
7515,EMITTER_NAME_EMITTER_AN_UPX_5
7560,EMITTER_NAME_EMITTER_AN_UPX_11
7605,EMITTER_NAME_EMITTER_AN_UPX_12
7650,EMITTER_NAME_EMITTER_AN_UPX_17
7695,EMITTER_NAME_EMITTER_AN_UPX_23
7740,EMITTER_NAME_EMITTER_AN_VPS_2
7785,EMITTER_NAME_EMITTER_APELCO_AD_7_7
7830,EMITTER_NAME_EMITTER_APG_71
7875,EMITTER_NAME_EMITTER_APN_148
7920,EMITTER_NAME_EMITTER_APN_227
8100,EMITTER_NAME_EMITTER_APS_504_V3
8105,EMITTER_NAME_EMITTER_AR_3D
8112,EMITTER_NAME_EMITTER_PLESSEY_AR_5
8115,EMITTER_NAME_EMITTER_AR_320
8120,EMITTER_NAME_EMITTER_AR_327
8145,EMITTER_NAME_EMITTER_AR_M31
8190,EMITTER_NAME_EMITTER_ARI_5954
8235,EMITTER_NAME_EMITTER_ARI_5955
8280,EMITTER_NAME_EMITTER_ARI_5979
8325,EMITTER_NAME_EMITTER_ARINC_564_BNDX_KING_RDR_1E
8370,EMITTER_NAME_EMITTER_ARINC_700_BNDX_KING_RDR_1E
8375,EMITTER_NAME_EMITTER_ARK_1
8380,EMITTER_NAME_EMITTER_ARSR_3
8390,EMITTER_NAME_EMITTER_ARSR_18
8415,EMITTER_NAME_EMITTER_AS_2_KIPPER
8460,EMITTER_NAME_EMITTER_AS_2_KIPPER_MH
8505,EMITTER_NAME_EMITTER_AS_4_KITCHEN
8550,EMITTER_NAME_EMITTER_AS_4_KITCHEN_MH
8595,EMITTER_NAME_EMITTER_AS_5_KELT_MH
8640,EMITTER_NAME_EMITTER_AS_6_KINGFISH_MH
8685,EMITTER_NAME_EMITTER_AS_7_KERRY
8730,EMITTER_NAME_EMITTER_AS_7_KERRY_MG
8735,EMITTER_NAME_EMITTER_AS_15_KENT_ALTIMETER
8760,EMITTER_NAME_EMITTER_ASPIDE_AAM_SAM_ILL
8772,EMITTER_NAME_EMITTER_ASR_4
8775,EMITTER_NAME_EMITTER_ASR_O
8780,EMITTER_NAME_EMITTER_ASR_5
8782,EMITTER_NAME_EMITTER_ASR_7
8785,EMITTER_NAME_EMITTER_ASR_8
8790,EMITTER_NAME_EMITTER_ASR_9
8812,EMITTER_NAME_EMITTER_RAYTHEON_ASR_10SS
8820,EMITTER_NAME_EMITTER_AT_2_SWATTER_MG
8840,EMITTER_NAME_EMITTER_ATCR_33
8845,EMITTER_NAME_EMITTER_ATCR_33_K_M
8865,EMITTER_NAME_EMITTER_ATLAS_ELEKTRONK_TRS_N
8870,EMITTER_NAME_EMITTER_ATLAS_9740_VTS
8910,EMITTER_NAME_EMITTER_AVG_65
8955,EMITTER_NAME_EMITTER_AVH_7
9000,EMITTER_NAME_EMITTER_AVQ_20
9045,EMITTER_NAME_EMITTER_AVQ30X
9075,EMITTER_NAME_EMITTER_AVQ_50_RCA
9090,EMITTER_NAME_EMITTER_AVQ_70
9135,EMITTER_NAME_EMITTER_AWS_5
9180,EMITTER_NAME_EMITTER_AWS_6
9200,EMITTER_NAME_EMITTER_B597Z
9205,EMITTER_NAME_EMITTER_B636Z
9225,EMITTER_NAME_EMITTER_BACK_NET_A_B
9270,EMITTER_NAME_EMITTER_BACK_TRAP
9280,EMITTER_NAME_EMITTER_BAE_SYSTEMS_RT_1805_APN
9310,EMITTER_NAME_EMITTER_BALTYK
9315,EMITTER_NAME_EMITTER_BALL_END
9360,EMITTER_NAME_EMITTER_BALL_GUN
9405,EMITTER_NAME_EMITTER_BAND_STAND
9450,EMITTER_NAME_EMITTER_BAR_LOCK
9495,EMITTER_NAME_EMITTER_BASS_TILT
9540,EMITTER_NAME_EMITTER_BEACON
9585,EMITTER_NAME_EMITTER_BEAN_STICKS
9630,EMITTER_NAME_EMITTER_BEE_HIND
9640,EMITTER_NAME_EMITTER_BELL_CROWN_A
9642,EMITTER_NAME_EMITTER_BELL_CROWN_B
9645,EMITTER_NAME_EMITTER_BIG_BACK
9660,EMITTER_NAME_EMITTER_BIG_BIRD
9675,EMITTER_NAME_EMITTER_BIG_BULGE
9720,EMITTER_NAME_EMITTER_BIG_BULGE_A
9765,EMITTER_NAME_EMITTER_BIG_BULGE_B
9780,EMITTER_NAME_EMITTER_BIG_FRED
9810,EMITTER_NAME_EMITTER_BIG_MESH
9855,EMITTER_NAME_EMITTER_BIG_NET
9885,EMITTER_NAME_EMITTER_BILL_BOARD
9900,EMITTER_NAME_EMITTER_BILL_FOLD
9905,EMITTER_NAME_EMITTER_BLOWPIPE_MG
9930,EMITTER_NAME_EMITTER_SEA_HARRIER_FRS_MK_1_5
9935,EMITTER_NAME_EMITTER_SEA_HARRIER_F_A_MK_2
9945,EMITTER_NAME_EMITTER_BLUE_SILK
9990,EMITTER_NAME_EMITTER_BLUE_PARROT
10035,EMITTER_NAME_EMITTER_BLUE_ORCHID
10080,EMITTER_NAME_EMITTER_BOAT_SAIL
10125,EMITTER_NAME_EMITTER_BOFORS_ELECTRONIC_9LV_331
10170,EMITTER_NAME_EMITTER_BOFORS_ERICSSON_SEA_GIRAFFE_50_HC
10215,EMITTER_NAME_EMITTER_BOWL_MESH
10260,EMITTER_NAME_EMITTER_BOX_BRICK
10305,EMITTER_NAME_EMITTER_BOX_TAIL
10350,EMITTER_NAME_EMITTER_BPS_11A
10395,EMITTER_NAME_EMITTER_BPS_14
10440,EMITTER_NAME_EMITTER_BPS_15A
10485,EMITTER_NAME_EMITTER_BR_15_TOKYO_KEIKI
10510,EMITTER_NAME_EMITTER_BRIDGEMASTE
10530,EMITTER_NAME_EMITTER_BREAD_BIN
10575,EMITTER_NAME_EMITTER_BT_271
10620,EMITTER_NAME_EMITTER_BX_732
10665,EMITTER_NAME_EMITTER_BUZZ_STAND
10710,EMITTER_NAME_EMITTER_C_5A_MULTI_MODE_RADAR
10755,EMITTER_NAME_EMITTER_CAIMAN
10800,EMITTER_NAME_EMITTER_CAKE_STAND
10845,EMITTER_NAME_EMITTER_CALYPSO_C61
10890,EMITTER_NAME_EMITTER_CALYPSO_II
10895,EMITTER_NAME_EMITTER_CARDION_COASTAL
10935,EMITTER_NAME_EMITTER_CASTOR_II
10940,EMITTER_NAME_EMITTER_CASTOR_2J_TT_CROTALE_NG
10980,EMITTER_NAME_EMITTER_CAT_HOUSE
10985,EMITTER_NAME_EMITTER_CDR_431
11000,EMITTER_NAME_EMITTER_CHAIR_BACK_TT
11010,EMITTER_NAME_EMITTER_CHAIR_BACK_ILL
11025,EMITTER_NAME_EMITTER_CHEESE_BRICK
11070,EMITTER_NAME_EMITTER_CLAM_PIPE
11115,EMITTER_NAME_EMITTER_CLAMSHELL
11160,EMITTER_NAME_EMITTER_COLLINS_WXR_700X
11205,EMITTER_NAME_EMITTER_COLLINS_DN_101
11250,EMITTER_NAME_EMITTER_CONTRAVES_SEA_HUNTER_MK_4
11260,EMITTER_NAME_EMITTER_CORN_CAN
11270,EMITTER_NAME_EMITTER_CR_105_RMCA
11295,EMITTER_NAME_EMITTER_CROSS_BIRD
11340,EMITTER_NAME_EMITTER_CROSS_DOME
11385,EMITTER_NAME_EMITTER_CROSS_LEGS
11430,EMITTER_NAME_EMITTER_CROSS_OUT
11475,EMITTER_NAME_EMITTER_CROSS_SLOT
11520,EMITTER_NAME_EMITTER_CROSS_SWORD
11565,EMITTER_NAME_EMITTER_CROSS_UP
11610,EMITTER_NAME_EMITTER_CROSS_SWORD_FC
11655,EMITTER_NAME_EMITTER_CROTALE_ACQUISITION_TA
11660,EMITTER_NAME_EMITTER_CROTALE_NG_TA
11665,EMITTER_NAME_EMITTER_CROTALE_TT
11700,EMITTER_NAME_EMITTER_CROTALE_MGMISSILE_SYSTEM
11745,EMITTER_NAME_EMITTER_CSS_C_3C_CAS_1M1_M2_MH
11790,EMITTER_NAME_EMITTER_CSS_C_2B_HY_1A_MH
11835,EMITTER_NAME_EMITTER_CWS_2
11880,EMITTER_NAME_EMITTER_CYLINDER_HEAD
11925,EMITTER_NAME_EMITTER_CYRANO_II
11970,EMITTER_NAME_EMITTER_CYRANO_IV
11975,EMITTER_NAME_EMITTER_CYRANO_IV_M
12010,EMITTER_NAME_EMITTER_DA_01_00
12015,EMITTER_NAME_EMITTER_DA_05_00
12060,EMITTER_NAME_EMITTER_DAWN
12105,EMITTER_NAME_EMITTER_DEAD_DUCK
12110,EMITTER_NAME_EMITTER_DECCA_20_V90_9
12111,EMITTER_NAME_EMITTER_DECCA_20_V90S
12150,EMITTER_NAME_EMITTER_DECCA_45
12195,EMITTER_NAME_EMITTER_DECCA_50
12240,EMITTER_NAME_EMITTER_DECCA_110
12285,EMITTER_NAME_EMITTER_DECCA_170
12292,EMITTER_NAME_EMITTER_DECCA_HF_2
12330,EMITTER_NAME_EMITTER_DECCA_202
12375,EMITTER_NAME_EMITTER_DECCA_D202
12420,EMITTER_NAME_EMITTER_DECCA_303
12430,EMITTER_NAME_EMITTER_DECCA_535
12465,EMITTER_NAME_EMITTER_DECCA_626
12510,EMITTER_NAME_EMITTER_DECCA_629
12555,EMITTER_NAME_EMITTER_DECCA_914
12600,EMITTER_NAME_EMITTER_DECCA_916
12610,EMITTER_NAME_EMITTER_DECCA_926
12645,EMITTER_NAME_EMITTER_DECCA_1226_COMMERCIAL
12690,EMITTER_NAME_EMITTER_DECCA_1626
12735,EMITTER_NAME_EMITTER_DECCA_2459
12780,EMITTER_NAME_EMITTER_DECCA_AWS_1
12782,EMITTER_NAME_EMITTER_DECCA_AWS_2
12785,EMITTER_NAME_EMITTER_DECCA_AWS_4
12787,EMITTER_NAME_EMITTER_DECCA_AWS_4_2
12800,EMITTER_NAME_EMITTER_DECCA_MAR
12805,EMITTER_NAME_EMITTER_DECCA_RM_326
12825,EMITTER_NAME_EMITTER_DECCA_RM_416
12870,EMITTER_NAME_EMITTER_DECCA_RM_914
12915,EMITTER_NAME_EMITTER_DECCA_RM_1690
12960,EMITTER_NAME_EMITTER_DECCA_SUPER_101_MK_3
13005,EMITTER_NAME_EMITTER_DISS_1
13050,EMITTER_NAME_EMITTER_RAPIER_TTDN_181
13055,EMITTER_NAME_EMITTER_RAPIER_2000_TT
13095,EMITTER_NAME_EMITTER_DOG_EAR
13140,EMITTER_NAME_EMITTER_DOG_HOUSE
13185,EMITTER_NAME_EMITTER_DON_2
13230,EMITTER_NAME_EMITTER_DON_A_B_2_KAY
13275,EMITTER_NAME_EMITTER_DONETS
13320,EMITTER_NAME_EMITTER_DOWN_BEAT
13365,EMITTER_NAME_EMITTER_DRAA_2A
13410,EMITTER_NAME_EMITTER_DRAA_2B
13455,EMITTER_NAME_EMITTER_DRAC_39
13500,EMITTER_NAME_EMITTER_DRBC_30B
13545,EMITTER_NAME_EMITTER_DRBC_31A
13590,EMITTER_NAME_EMITTER_DRBC_32A
13635,EMITTER_NAME_EMITTER_DRBC_32D
13680,EMITTER_NAME_EMITTER_DRBC_33A
13725,EMITTER_NAME_EMITTER_DRBI_10
13770,EMITTER_NAME_EMITTER_DRBI_23
13815,EMITTER_NAME_EMITTER_DRBJ_11B
13860,EMITTER_NAME_EMITTER_DRBN_30
13905,EMITTER_NAME_EMITTER_DRBN_32
13950,EMITTER_NAME_EMITTER_DRBR_51
13995,EMITTER_NAME_EMITTER_DRBV_20B
14040,EMITTER_NAME_EMITTER_DRBV_22
14085,EMITTER_NAME_EMITTER_DRBV_26C
14130,EMITTER_NAME_EMITTER_DRBV_30
14175,EMITTER_NAME_EMITTER_DRBV_50
14220,EMITTER_NAME_EMITTER_DRBV_51
14265,EMITTER_NAME_EMITTER_DRBV_51A
14310,EMITTER_NAME_EMITTER_DRBV_51B
14355,EMITTER_NAME_EMITTER_DRBV_51C
14400,EMITTER_NAME_EMITTER_DROP_KICK
14445,EMITTER_NAME_EMITTER_DRUA_31
14490,EMITTER_NAME_EMITTER_DRUM_TILT
14535,EMITTER_NAME_EMITTER_DRUM_TILT_A
14545,EMITTER_NAME_EMITTER_DRUM_TILT_B
14580,EMITTER_NAME_EMITTER_DUMBO
14600,EMITTER_NAME_EMITTER_ECR_90
14625,EMITTER_NAME_EMITTER_EGG_CUP_A_B
14670,EMITTER_NAME_EMITTER_EKCO_190
14715,EMITTER_NAME_EMITTER_EL_M_2001B
14760,EMITTER_NAME_EMITTER_EL_M_2207
14770,EMITTER_NAME_EMITTER_EL_M_2216V
14805,EMITTER_NAME_EMITTER_ELTA_EL_M_2221_GM_STGR
14810,EMITTER_NAME_EMITTER_ELTA_SIS
14850,EMITTER_NAME_EMITTER_EMD_2900
14895,EMITTER_NAME_EMITTER_END_TRAY
14940,EMITTER_NAME_EMITTER_EXOCET_1
14985,EMITTER_NAME_EMITTER_EXOCET_1_MH
15030,EMITTER_NAME_EMITTER_EXOCET_2
15075,EMITTER_NAME_EMITTER_EYE_BOWL
15120,EMITTER_NAME_EMITTER_EYE_SHIELD
15140,EMITTER_NAME_EMITTER_F332Z
15160,EMITTER_NAME_EMITTER_FALCON
15165,EMITTER_NAME_EMITTER_FAN_SONG_A
15200,EMITTER_NAME_EMITTER_FAN_SONG_B_F_TA
15210,EMITTER_NAME_EMITTER_FAN_SONG_B_F_TT
15220,EMITTER_NAME_EMITTER_FAN_SONG_C_E_TA
15230,EMITTER_NAME_EMITTER_FAN_SONG_C_E_TT
15240,EMITTER_NAME_EMITTER_FAN_SONG_C_E_MG
15255,EMITTER_NAME_EMITTER_FAN_SONG_B_FF_MG
15300,EMITTER_NAME_EMITTER_FAN_TAIL
15310,EMITTER_NAME_EMITTER_FCR_1401
15345,EMITTER_NAME_EMITTER_FIN_CURVE
15390,EMITTER_NAME_EMITTER_FIRE_CAN
15435,EMITTER_NAME_EMITTER_FIRE_DISH
15470,EMITTER_NAME_EMITTER_FIRE_DOME_TA
15475,EMITTER_NAME_EMITTER_FIRE_DOME_TT
15480,EMITTER_NAME_EMITTER_FIRE_DOME_TI
15525,EMITTER_NAME_EMITTER_FIRE_IRON
15570,EMITTER_NAME_EMITTER_FIRE_WHEEL
15615,EMITTER_NAME_EMITTER_FISH_BOWL
15660,EMITTER_NAME_EMITTER_FLAP_LID
15705,EMITTER_NAME_EMITTER_FLAP_TRUCK
15750,EMITTER_NAME_EMITTER_FLAP_WHEEL
15795,EMITTER_NAME_EMITTER_FLASH_DANCE
15840,EMITTER_NAME_EMITTER_FLAT_FACE_A_B_C_D
15885,EMITTER_NAME_EMITTER_FLAT_SCREEN
15930,EMITTER_NAME_EMITTER_FLAT_SPIN
15975,EMITTER_NAME_EMITTER_FLAT_TWIN
16020,EMITTER_NAME_EMITTER_FLEDERMAUS
16030,EMITTER_NAME_EMITTER_FLYCATCHER
16065,EMITTER_NAME_EMITTER_FLY_SCREEN
16110,EMITTER_NAME_EMITTER_FLY_SCREEN_A_AND_B
16155,EMITTER_NAME_EMITTER_FLY_TRAP_B
16200,EMITTER_NAME_EMITTER_FOG_LAMP_MG
16245,EMITTER_NAME_EMITTER_FOG_LAMP_TT
16290,EMITTER_NAME_EMITTER_FOIL_TWO
16335,EMITTER_NAME_EMITTER_FOX_HUNTER
16380,EMITTER_NAME_EMITTER_FOX_FIRE_AL
16390,EMITTER_NAME_EMITTER_FOX_FIRE_ILL
16400,EMITTER_NAME_EMITTER_FR_151A
16410,EMITTER_NAME_EMITTER_FR_1505_DA
16420,EMITTER_NAME_EMITTER_FR_2000
16421,EMITTER_NAME_EMITTER_FR_2855W
16425,EMITTER_NAME_EMITTER_FRONT_DOME
16470,EMITTER_NAME_EMITTER_FRONT_DOOR
16515,EMITTER_NAME_EMITTER_FRONT_PIECE
16560,EMITTER_NAME_EMITTER_FURUNO
16561,EMITTER_NAME_EMITTER_FURUNO_1721
16580,EMITTER_NAME_EMITTER_FURUNO_1730
16590,EMITTER_NAME_EMITTER_FURUNO_1932
16605,EMITTER_NAME_EMITTER_FURUNO_701
16650,EMITTER_NAME_EMITTER_FURUNO_711_2
16695,EMITTER_NAME_EMITTER_FURUNO_2400
16730,EMITTER_NAME_EMITTER_FURUNO_8051
16740,EMITTER_NAME_EMITTER_GA_01_00
16785,EMITTER_NAME_EMITTER_GAGE
16830,EMITTER_NAME_EMITTER_GARPIN
16875,EMITTER_NAME_EMITTER_GEM_BX_132
16880,EMITTER_NAME_EMITTER_GEPARD_TA
16884,EMITTER_NAME_EMITTER_GEPARD_TT
16888,EMITTER_NAME_EMITTER_GERAN_F
16900,EMITTER_NAME_EMITTER_GIRAFFE
16915,EMITTER_NAME_EMITTER_GIN_SLING_TA
16920,EMITTER_NAME_EMITTER_GIN_SLING_TT
16925,EMITTER_NAME_EMITTER_GIN_SLING_MG
16945,EMITTER_NAME_EMITTER_GPN_22
16950,EMITTER_NAME_EMITTER_GRN_9
16965,EMITTER_NAME_EMITTER_GREEN_STAIN
17010,EMITTER_NAME_EMITTER_GRID_BOW
17025,EMITTER_NAME_EMITTER_GRILL_PAN_TT
17055,EMITTER_NAME_EMITTER_GUARDSMAN
17070,EMITTER_NAME_EMITTER_GUN_DISH_ZSU_23_4
17100,EMITTER_NAME_EMITTER_HAIR_NET
17145,EMITTER_NAME_EMITTER_HALF_PLATE_A
17190,EMITTER_NAME_EMITTER_HALF_PLATE_B
17220,EMITTER_NAME_EMITTER_HARD
17235,EMITTER_NAME_EMITTER_HAWK_SCREECH
17280,EMITTER_NAME_EMITTER_HEAD_LIGHT_A
17325,EMITTER_NAME_EMITTER_HEAD_LIGHTS
17370,EMITTER_NAME_EMITTER_HEAD_LIGHTS_C
17415,EMITTER_NAME_EMITTER_HEAD_LIGHTS_MG_A
17460,EMITTER_NAME_EMITTER_HEAD_LIGHTS_MG_B
17505,EMITTER_NAME_EMITTER_HEAD_LIGHTS_TT
17550,EMITTER_NAME_EMITTER_HEAD_NET
17595,EMITTER_NAME_EMITTER_HEN_EGG
17640,EMITTER_NAME_EMITTER_HEN_HOUSE
17685,EMITTER_NAME_EMITTER_HEN_NEST
17730,EMITTER_NAME_EMITTER_HEN_ROOST
17775,EMITTER_NAME_EMITTER_HIGH_BRICK
17820,EMITTER_NAME_EMITTER_HIGH_FIX
17865,EMITTER_NAME_EMITTER_HIGH_LARK_TI
17910,EMITTER_NAME_EMITTER_HIGH_LARK_1
17955,EMITTER_NAME_EMITTER_HIGH_LARK_2
18000,EMITTER_NAME_EMITTER_HIGH_LARK_4
18045,EMITTER_NAME_EMITTER_HIGH_LUNE
18090,EMITTER_NAME_EMITTER_HIGH_POLE_A_AND_B
18135,EMITTER_NAME_EMITTER_HIGH_SCOOP
18150,EMITTER_NAME_EMITTER_HIGH_SCREEN
18180,EMITTER_NAME_EMITTER_HIGH_SIEVE
18200,EMITTER_NAME_EMITTER_HN_503
18225,EMITTER_NAME_EMITTER_HOME_TALK
18270,EMITTER_NAME_EMITTER_HORN_SPOON
18280,EMITTER_NAME_EMITTER_HOT_BRICK
18315,EMITTER_NAME_EMITTER_HOT_FLASH
18320,EMITTER_NAME_EMITTER_HOT_SHOT_TA
18325,EMITTER_NAME_EMITTER_HOT_SHOT_TT
18330,EMITTER_NAME_EMITTER_HOT_SHOT_MG
18360,EMITTER_NAME_EMITTER_IFF_MK_XII_AIMS_UPX_29
18405,EMITTER_NAME_EMITTER_IFF_MK_XV
18410,EMITTER_NAME_EMITTER_JAVELIN_MG
18450,EMITTER_NAME_EMITTER_JAY_BIRD
18460,EMITTER_NAME_EMITTER_JRC_NMD_401
18495,EMITTER_NAME_EMITTER_JUPITER
18540,EMITTER_NAME_EMITTER_JUPITER_II
18550,EMITTER_NAME_EMITTER_JY_8
18555,EMITTER_NAME_EMITTER_JY_9
18560,EMITTER_NAME_EMITTER_JY_14
18585,EMITTER_NAME_EMITTER_K376Z
18630,EMITTER_NAME_EMITTER_KELVIN_HUGHES_2A
18675,EMITTER_NAME_EMITTER_KELVIN_HUGHES_14_9
18720,EMITTER_NAME_EMITTER_KELVIN_HUGHES_TYPE_1006
18765,EMITTER_NAME_EMITTER_KELVIN_HUGHES_TYPE_1007
18785,EMITTER_NAME_EMITTER_KH_902M
18810,EMITTER_NAME_EMITTER_KITE_SCREECH
18855,EMITTER_NAME_EMITTER_KITE_SCREECH_A
18900,EMITTER_NAME_EMITTER_KITE_SCREECH_B
18945,EMITTER_NAME_EMITTER_KIVACH
18990,EMITTER_NAME_EMITTER_KNIFE_REST
19035,EMITTER_NAME_EMITTER_KNIFE_REST_B
19037,EMITTER_NAME_EMITTER_KNIFE_REST_C
19050,EMITTER_NAME_EMITTER_KR_75
19080,EMITTER_NAME_EMITTER_KSA_SRN
19125,EMITTER_NAME_EMITTER_KSA_TSR
19170,EMITTER_NAME_EMITTER_LAND_FALL
19215,EMITTER_NAME_EMITTER_LAND_ROLL_MG
19260,EMITTER_NAME_EMITTER_LAND_ROLL_TA
19305,EMITTER_NAME_EMITTER_LAND_ROLL_TT
19310,EMITTER_NAME_EMITTER_LC_150
19350,EMITTER_NAME_EMITTER_LENINGRAF
19395,EMITTER_NAME_EMITTER_LIGHT_BULB
19400,EMITTER_NAME_EMITTER_LMT_NRAI_6A
19440,EMITTER_NAME_EMITTER_LN_55
19485,EMITTER_NAME_EMITTER_LN_66
19530,EMITTER_NAME_EMITTER_LONG_BOW
19575,EMITTER_NAME_EMITTER_LONG_BRICK
19620,EMITTER_NAME_EMITTER_LONG_BULL
19665,EMITTER_NAME_EMITTER_LONG_EYE
19710,EMITTER_NAME_EMITTER_LONG_HEAD
19755,EMITTER_NAME_EMITTER_LONG_TALK
19800,EMITTER_NAME_EMITTER_LONG_TRACK
19845,EMITTER_NAME_EMITTER_LONG_TROUGH
19890,EMITTER_NAME_EMITTER_LOOK_TWO
19935,EMITTER_NAME_EMITTER_LORAN
19950,EMITTER_NAME_EMITTER_LOW_BLOW_TA
19955,EMITTER_NAME_EMITTER_LOW_BLOW_TT
19960,EMITTER_NAME_EMITTER_LOW_BLOW_MG
19980,EMITTER_NAME_EMITTER_LOW_SIEVE
20025,EMITTER_NAME_EMITTER_LOW_TROUGH
20040,EMITTER_NAME_EMITTER_TRS_2050
20070,EMITTER_NAME_EMITTER_LW_08
20090,EMITTER_NAME_EMITTER_M_1983_FCR
20115,EMITTER_NAME_EMITTER_M22_40
20160,EMITTER_NAME_EMITTER_M44
20205,EMITTER_NAME_EMITTER_M401Z
20250,EMITTER_NAME_EMITTER_M585Z
20295,EMITTER_NAME_EMITTER_M588Z
20340,EMITTER_NAME_EMITTER_MA_1_IFF_PORTION
20360,EMITTER_NAME_EMITTER_MARELD
20385,EMITTER_NAME_EMITTER_MA_TYPE_909
20430,EMITTER_NAME_EMITTER_MARCONI_1810
20475,EMITTER_NAME_EMITTER_MARCONI_CANADA_HC_75
20495,EMITTER_NAME_EMITTER_MARCONI_S_713
20520,EMITTER_NAME_EMITTER_MARCONI_S_1802
20530,EMITTER_NAME_EMITTER_MARCONI_S247S_247
20565,EMITTER_NAME_EMITTER_MARCONI_S_810
20585,EMITTER_NAME_EMITTER_MARCONI_SA_10
20610,EMITTER_NAME_EMITTER_MARCONI_TYPE_967
20655,EMITTER_NAME_EMITTER_MARCONI_TYPE_968
20700,EMITTER_NAME_EMITTER_MARCONI_TYPE_992
20745,EMITTER_NAME_EMITTER_MARCONI_SIGNAAL_TYPE_1022
20790,EMITTER_NAME_EMITTER_MARCONI_SIGNAAL_TYPE_910
20835,EMITTER_NAME_EMITTER_MARCONI_SIGNAAL_TYPE_911
20880,EMITTER_NAME_EMITTER_MARCONI_SIGNAAL_TYPE_992R
20925,EMITTER_NAME_EMITTER_MESH_BRICK
20950,EMITTER_NAME_EMITTER_MIRAGE_ILL
20970,EMITTER_NAME_EMITTER_MK_15_CIWS
21015,EMITTER_NAME_EMITTER_MK_23
21060,EMITTER_NAME_EMITTER_MK_23_TAS
21105,EMITTER_NAME_EMITTER_MK_25
21150,EMITTER_NAME_EMITTER_MK_35_M2
21195,EMITTER_NAME_EMITTER_MK_92
21240,EMITTER_NAME_EMITTER_MK_92_CAS
21285,EMITTER_NAME_EMITTER_MK_92_STIR
21330,EMITTER_NAME_EMITTER_MK_95
21340,EMITTER_NAME_EMITTER_MLA_1
21375,EMITTER_NAME_EMITTER_MM_APS_705
21420,EMITTER_NAME_EMITTER_MM_SPG_74
21465,EMITTER_NAME_EMITTER_MM_SPG_75
21490,EMITTER_NAME_EMITTER_MM_SPN_703
21510,EMITTER_NAME_EMITTER_MM_SPS_702
21555,EMITTER_NAME_EMITTER_MM_SPS_768
21600,EMITTER_NAME_EMITTER_MM_SPS_774
21645,EMITTER_NAME_EMITTER_MOON_4
21650,EMITTER_NAME_EMITTER_MMRS
21690,EMITTER_NAME_EMITTER_MPDR_18_X
21710,EMITTER_NAME_EMITTER_MT_305X
21735,EMITTER_NAME_EMITTER_MUFF_COB
21780,EMITTER_NAME_EMITTER_MUSHROOM
21825,EMITTER_NAME_EMITTER_MUSHROOM_1
21870,EMITTER_NAME_EMITTER_MUSHROOM_2
21880,EMITTER_NAME_EMITTER_N920Z
21890,EMITTER_NAME_EMITTER_NANJING_B
21895,EMITTER_NAME_EMITTER_NANJING_C
21915,EMITTER_NAME_EMITTER_NAYADA
21960,EMITTER_NAME_EMITTER_NEPTUN
21980,EMITTER_NAME_EMITTER_NIKE_TT
22005,EMITTER_NAME_EMITTER_NRBA_50
22050,EMITTER_NAME_EMITTER_NRBA_51
22095,EMITTER_NAME_EMITTER_NRBF_20A
22140,EMITTER_NAME_EMITTER_NYSA_B
22185,EMITTER_NAME_EMITTER_O524A
22230,EMITTER_NAME_EMITTER_O580B
22275,EMITTER_NAME_EMITTER_O625Z
22320,EMITTER_NAME_EMITTER_O626Z
22345,EMITTER_NAME_EMITTER_ODD_GROUP
22365,EMITTER_NAME_EMITTER_ODD_LOT
22410,EMITTER_NAME_EMITTER_ODD_PAIR
22455,EMITTER_NAME_EMITTER_OKA
22500,EMITTER_NAME_EMITTER_OKEAN
22545,EMITTER_NAME_EMITTER_OKINXE_12C
22590,EMITTER_NAME_EMITTER_OMEGA
22635,EMITTER_NAME_EMITTER_OMERA_ORB32
22680,EMITTER_NAME_EMITTER_ONE_EYE
22690,EMITTER_NAME_EMITTER_OP_28
22725,EMITTER_NAME_EMITTER_OPS_16B
22730,EMITTER_NAME_EMITTER_OPS_18
22740,EMITTER_NAME_EMITTER_OPS_28
22770,EMITTER_NAME_EMITTER_OR_2
22810,EMITTER_NAME_EMITTER_ORB_31S
22815,EMITTER_NAME_EMITTER_ORB_32
22860,EMITTER_NAME_EMITTER_ORION_RTN_10X
22905,EMITTER_NAME_EMITTER_OTOMAT_MK_II_TESEO
22950,EMITTER_NAME_EMITTER_OWL_SCREECH
22955,EMITTER_NAME_EMITTER_P360Z
22960,EMITTER_NAME_EMITTER_PA_1660
22995,EMITTER_NAME_EMITTER_PALM_FROND
23040,EMITTER_NAME_EMITTER_PALM_FROND_AB
23085,EMITTER_NAME_EMITTER_PAT_HAND_TT
23095,EMITTER_NAME_EMITTER_PAT_HAND_MG
23130,EMITTER_NAME_EMITTER_PATTY_CAKE
23175,EMITTER_NAME_EMITTER_PAWN_CAKE
23220,EMITTER_NAME_EMITTER_PBR_4_RUBIN
23265,EMITTER_NAME_EMITTER_PEA_STICKS
23310,EMITTER_NAME_EMITTER_PEEL_CONE
23355,EMITTER_NAME_EMITTER_PEEL_GROUP
23400,EMITTER_NAME_EMITTER_PEEL_GROUP_A
23445,EMITTER_NAME_EMITTER_PEEL_GROUP_B
23490,EMITTER_NAME_EMITTER_PEEL_PAIR
23535,EMITTER_NAME_EMITTER_PHILIPS_9LV_200
23580,EMITTER_NAME_EMITTER_PHILIPS_9LV_331
23625,EMITTER_NAME_EMITTER_PHILIPS_LV_223
23670,EMITTER_NAME_EMITTER_PHILIPS_SEA_GIRAFFE_50_HC
23690,EMITTER_NAME_EMITTER_PIN_JIB
23710,EMITTER_NAME_EMITTER_PLANK_SHAD
23715,EMITTER_NAME_EMITTER_PLANK_SHAVE
23760,EMITTER_NAME_EMITTER_PLANK_SHAVE_A
23805,EMITTER_NAME_EMITTER_PLANK_SHAVE_B
23850,EMITTER_NAME_EMITTER_PLATE_STEER
23895,EMITTER_NAME_EMITTER_PLESSEY_AWS_1
23940,EMITTER_NAME_EMITTER_PLESSEY_AWS_4
23985,EMITTER_NAME_EMITTER_PLESSEY_AWS_6
23990,EMITTER_NAME_EMITTER_PLESSEY_RJ
24030,EMITTER_NAME_EMITTER_PLESSEY_TYPE_996
24075,EMITTER_NAME_EMITTER_PLINTH_NET
24095,EMITTER_NAME_EMITTER_PLUTO
24100,EMITTER_NAME_EMITTER_POHJANPALO
24120,EMITTER_NAME_EMITTER_POLLUX
24165,EMITTER_NAME_EMITTER_POP_GROUP
24210,EMITTER_NAME_EMITTER_POP_GROUP_MG
24255,EMITTER_NAME_EMITTER_POP_GROUP_TA
24300,EMITTER_NAME_EMITTER_POP_GROUP_TT
24345,EMITTER_NAME_EMITTER_PORK_TROUGH
24390,EMITTER_NAME_EMITTER_POST_BOW
24435,EMITTER_NAME_EMITTER_POST_LAMP
24480,EMITTER_NAME_EMITTER_POT_DRUM
24525,EMITTER_NAME_EMITTER_POT_HEAD
24570,EMITTER_NAME_EMITTER_PRIMUS_40_WXD
24615,EMITTER_NAME_EMITTER_PRIMUS_300SL
24620,EMITTER_NAME_EMITTER_PRIMUS_3000
24650,EMITTER_NAME_EMITTER_PS_05A
24660,EMITTER_NAME_EMITTER_PS_46_A
24705,EMITTER_NAME_EMITTER_PS_70_R
24710,EMITTER_NAME_EMITTER_PS_890
24750,EMITTER_NAME_EMITTER_PUFF_BALL
24770,EMITTER_NAME_EMITTER_R_76
24780,EMITTER_NAME_EMITTER_RAC_30
24795,EMITTER_NAME_EMITTER_RACAL_1229
24840,EMITTER_NAME_EMITTER_RACAL_AC_2690_BT
24885,EMITTER_NAME_EMITTER_RACAL_DECCA_1216
24930,EMITTER_NAME_EMITTER_RACAL_DECCA_360
24975,EMITTER_NAME_EMITTER_RACAL_DECCA_AC_1290
25020,EMITTER_NAME_EMITTER_RACAL_DECCA_TM_1229
25065,EMITTER_NAME_EMITTER_RACAL_DECCA_TM_1626
25110,EMITTER_NAME_EMITTER_RACAL_DRBN_34A
25155,EMITTER_NAME_EMITTER_RADAR_24
25200,EMITTER_NAME_EMITTER_RAN_7S
25205,EMITTER_NAME_EMITTER_RAN_10S
25245,EMITTER_NAME_EMITTER_RAN_11_LX
25260,EMITTER_NAME_EMITTER_RAPIER_TA
25265,EMITTER_NAME_EMITTER_RAPIER_2000_TA
25270,EMITTER_NAME_EMITTER_RAPIER_MG
25280,EMITTER_NAME_EMITTER_RAT_31S
25285,EMITTER_NAME_EMITTER_RATAC_LCT
25290,EMITTER_NAME_EMITTER_RAYTHEON_1220
25300,EMITTER_NAME_EMITTER_RAYTHEON_1302
25335,EMITTER_NAME_EMITTER_RAYTHEON_1500
25380,EMITTER_NAME_EMITTER_RAYTHEON_1645
25425,EMITTER_NAME_EMITTER_RAYTHEON_1650
25470,EMITTER_NAME_EMITTER_RAYTHEON_1900
25515,EMITTER_NAME_EMITTER_RAYTHEON_2502
25560,EMITTER_NAME_EMITTER_RAYTHEON_TM_1650_6X
25605,EMITTER_NAME_EMITTER_RAYTHEON_TM_1660_12S
25630,EMITTER_NAME_EMITTER_RAY_1220XR
25635,EMITTER_NAME_EMITTER_RAY_1401
25650,EMITTER_NAME_EMITTER_RAY_2900
25695,EMITTER_NAME_EMITTER_RAYPATH
25735,EMITTER_NAME_EMITTER_RBE2
25740,EMITTER_NAME_EMITTER_RDM
25760,EMITTER_NAME_EMITTER_RDY
25785,EMITTER_NAME_EMITTER_RDN_72
25830,EMITTER_NAME_EMITTER_RDR_1A
25835,EMITTER_NAME_EMITTER_RDR_1E
25840,EMITTER_NAME_EMITTER_RDR_4A
25875,EMITTER_NAME_EMITTER_RDR_1200
25885,EMITTER_NAME_EMITTER_RDR_1400
25890,EMITTER_NAME_EMITTER_RDR_1400_C
25895,EMITTER_NAME_EMITTER_RDR_1500
25920,EMITTER_NAME_EMITTER_RICE_LAMP
25965,EMITTER_NAME_EMITTER_RICE_PAD
26010,EMITTER_NAME_EMITTER_RICE_SCREEN
26020,EMITTER_NAME_EMITTER_ROCKWELL_COLLINS_FMR_200X
26055,EMITTER_NAME_EMITTER_ROLAND_BN
26100,EMITTER_NAME_EMITTER_ROLAND_MG
26145,EMITTER_NAME_EMITTER_ROLAND_TA
26190,EMITTER_NAME_EMITTER_ROLAND_TT
26235,EMITTER_NAME_EMITTER_ROUND_BALL
26280,EMITTER_NAME_EMITTER_ROUND_HOUSE
26325,EMITTER_NAME_EMITTER_ROUND_HOUSE_B
26330,EMITTER_NAME_EMITTER_RT_02_50
26350,EMITTER_NAME_EMITTER_RTN_1A
26370,EMITTER_NAME_EMITTER_RV2
26415,EMITTER_NAME_EMITTER_RV3
26460,EMITTER_NAME_EMITTER_RV5
26505,EMITTER_NAME_EMITTER_RV10
26550,EMITTER_NAME_EMITTER_RV17
26595,EMITTER_NAME_EMITTER_RV18
26610,EMITTER_NAME_EMITTER_RV_377
26640,EMITTER_NAME_EMITTER_RV_UM
26660,EMITTER_NAME_EMITTER_RXN_2_60
26670,EMITTER_NAME_EMITTER_S_1810CD
26685,EMITTER_NAME_EMITTER_SA_2_GUIDELINE
26730,EMITTER_NAME_EMITTER_SA_3_GOA
26775,EMITTER_NAME_EMITTER_SA_8_GECKO_DT
26795,EMITTER_NAME_EMITTER_SA_12_TELAR_ILL
26820,EMITTER_NAME_EMITTER_SA_N_7_GADFLY_TI
26865,EMITTER_NAME_EMITTER_SA_N_11_CADS_1_UN
26910,EMITTER_NAME_EMITTER_SALT_POT_A_AND_B
26955,EMITTER_NAME_EMITTER_SATURNE_II
27000,EMITTER_NAME_EMITTER_SCAN_CAN
27045,EMITTER_NAME_EMITTER_SCAN_FIX
27090,EMITTER_NAME_EMITTER_SCAN_ODD
27135,EMITTER_NAME_EMITTER_SCAN_THREE
27140,EMITTER_NAME_EMITTER_SCANTER_CSR
27141,EMITTER_NAME_EMITTER_SCORADS
27150,EMITTER_NAME_EMITTER_SCOREBOARD
27180,EMITTER_NAME_EMITTER_SCOUP_PLATE
27190,EMITTER_NAME_EMITTER_SCR_584
27225,EMITTER_NAME_EMITTER_SEA_ARCHER_2
27270,EMITTER_NAME_EMITTER_SEA_HUNTER_4_MG
27315,EMITTER_NAME_EMITTER_SEA_HUNTER_4_TA
27360,EMITTER_NAME_EMITTER_SEA_HUNTER_4_TT
27405,EMITTER_NAME_EMITTER_SEA_GULL
27450,EMITTER_NAME_EMITTER_SEA_NET
27495,EMITTER_NAME_EMITTER_SEA_SPRAY
27540,EMITTER_NAME_EMITTER_SEA_TIGER
27570,EMITTER_NAME_EMITTER_SEARCHWATER
27585,EMITTER_NAME_EMITTER_SELENIA_ORION_7
27630,EMITTER_NAME_EMITTER_SELENIA_TYPE_912
27675,EMITTER_NAME_EMITTER_SELENNIA_RAN_12_L_X
27720,EMITTER_NAME_EMITTER_SELENNIA_RTN_10X
27765,EMITTER_NAME_EMITTER_SELINIA_ARP_1645
27810,EMITTER_NAME_EMITTER_SGR_102_00
27855,EMITTER_NAME_EMITTER_SGR_103_02
27870,EMITTER_NAME_EMITTER_SGR_104
27900,EMITTER_NAME_EMITTER_SHEET_BEND
27945,EMITTER_NAME_EMITTER_SHEET_CURVE
27990,EMITTER_NAME_EMITTER_SHIP_GLOBE
28035,EMITTER_NAME_EMITTER_SHIP_WHEEL
28080,EMITTER_NAME_EMITTER_SGR_114
28125,EMITTER_NAME_EMITTER_SHORE_WALK_A
28170,EMITTER_NAME_EMITTER_SHORT_HORN
28215,EMITTER_NAME_EMITTER_SHOT_DOME
28260,EMITTER_NAME_EMITTER_SIDE_GLOBE_JN
28280,EMITTER_NAME_EMITTER_SIDE_NET
28305,EMITTER_NAME_EMITTER_SIDE_WALK_A
28350,EMITTER_NAME_EMITTER_SIGNAAL_DA_02
28395,EMITTER_NAME_EMITTER_SIGNAAL_DA_05
28440,EMITTER_NAME_EMITTER_SIGNAAL_DA_08
28485,EMITTER_NAME_EMITTER_SIGNAAL_LW_08
28530,EMITTER_NAME_EMITTER_SIGNAAL_LWOR
28575,EMITTER_NAME_EMITTER_SIGNAAL_M45
28620,EMITTER_NAME_EMITTER_SIGNAAL_MW_08
28665,EMITTER_NAME_EMITTER_SIGNAAL_SMART
28710,EMITTER_NAME_EMITTER_SIGNAAL_STING
28755,EMITTER_NAME_EMITTER_SIGNAAL_STIR
28800,EMITTER_NAME_EMITTER_SIGNAAL_WM_20_2
28845,EMITTER_NAME_EMITTER_SIGNAAL_WM_25
28890,EMITTER_NAME_EMITTER_SIGNAAL_WM_27
28935,EMITTER_NAME_EMITTER_SIGNAAL_WM_28
28980,EMITTER_NAME_EMITTER_SIGNAAL_ZW_01
29025,EMITTER_NAME_EMITTER_SIGNAAL_ZW_06
29070,EMITTER_NAME_EMITTER_SKI_POLE
29115,EMITTER_NAME_EMITTER_SKIN_HEAD
29160,EMITTER_NAME_EMITTER_SKIP_SPIN
29185,EMITTER_NAME_EMITTER_SKYGUARD_TA
29190,EMITTER_NAME_EMITTER_SKYGUARD_TT
29205,EMITTER_NAME_EMITTER_SKY_WATCH
29215,EMITTER_NAME_EMITTER_SKYSHADOW
29220,EMITTER_NAME_EMITTER_SKYSHIELD_TA
29250,EMITTER_NAME_EMITTER_SL
29270,EMITTER_NAME_EMITTER_SL_ALQ_234
29295,EMITTER_NAME_EMITTER_SLAP_SHOT_E
29340,EMITTER_NAME_EMITTER_SLIM_NET
29385,EMITTER_NAME_EMITTER_SLOT_BACK_A
29400,EMITTER_NAME_EMITTER_SLOT_BACK_ILL
29430,EMITTER_NAME_EMITTER_SLOT_BACK_B
29440,EMITTER_NAME_EMITTER_SLOT_REST
29475,EMITTER_NAME_EMITTER_SMA_3_RM
29520,EMITTER_NAME_EMITTER_SMA_3_RM_20
29565,EMITTER_NAME_EMITTER_SMA_3RM_20A_SMG
29610,EMITTER_NAME_EMITTER_SMA_BPS_704
29655,EMITTER_NAME_EMITTER_SMA_SPIN_749_V_2
29700,EMITTER_NAME_EMITTER_SMA_SPN_703
29745,EMITTER_NAME_EMITTER_SMA_SPN_751
29790,EMITTER_NAME_EMITTER_SMA_SPOS_748
29835,EMITTER_NAME_EMITTER_SMA_SPQ_2
29880,EMITTER_NAME_EMITTER_SMA_SPQ_2D
29925,EMITTER_NAME_EMITTER_SMA_SPQ_701
29970,EMITTER_NAME_EMITTER_SMA_SPS_702_UPX
30015,EMITTER_NAME_EMITTER_SMA_ST_2_OTOMAT_II_MH
30060,EMITTER_NAME_EMITTER_SMA_718_BEACON
30080,EMITTER_NAME_EMITTER_SNAP_SHOT
30105,EMITTER_NAME_EMITTER_SNOOP_DRIFT
30150,EMITTER_NAME_EMITTER_SNOOP_HEAD
30195,EMITTER_NAME_EMITTER_SNOOP_PAIR
30240,EMITTER_NAME_EMITTER_SNOOP_PLATE
30285,EMITTER_NAME_EMITTER_SNOOP_SLAB
30330,EMITTER_NAME_EMITTER_SNOOP_TRAY
30375,EMITTER_NAME_EMITTER_SNOOP_TRAY_1
30420,EMITTER_NAME_EMITTER_SNOOP_TRAY_2
30465,EMITTER_NAME_EMITTER_SNOOP_WATCH
30470,EMITTER_NAME_EMITTER_SNOW_DRIFT
30510,EMITTER_NAME_EMITTER_SO_1
30520,EMITTER_NAME_EMITTER_SO_12
30555,EMITTER_NAME_EMITTER_SO_A_COMMUNIST
30580,EMITTER_NAME_EMITTER_SO_69
30600,EMITTER_NAME_EMITTER_SOCK_EYE
30645,EMITTER_NAME_EMITTER_SOM_64
30670,EMITTER_NAME_EMITTER_SPADA_TT
30690,EMITTER_NAME_EMITTER_SPARROW_AIM_RIM_7_ILL
30700,EMITTER_NAME_EMITTER_SPERRY_M_3
30735,EMITTER_NAME_EMITTER_SPG_53F
30780,EMITTER_NAME_EMITTER_SPG_70_RTN_10X
30825,EMITTER_NAME_EMITTER_SPG_74_RTN_20X
30870,EMITTER_NAME_EMITTER_SPG_75_RTN_30X
30915,EMITTER_NAME_EMITTER_SPG_76_RTN_30X
30960,EMITTER_NAME_EMITTER_SPIN_SCAN_A
31005,EMITTER_NAME_EMITTER_SPIN_SCAN_B
31050,EMITTER_NAME_EMITTER_SPIN_TROUGH
31095,EMITTER_NAME_EMITTER_SPLASH_DROP
31140,EMITTER_NAME_EMITTER_SPN_35A
31185,EMITTER_NAME_EMITTER_SPN_41
31230,EMITTER_NAME_EMITTER_SPN_42
31275,EMITTER_NAME_EMITTER_SPN_43A
31320,EMITTER_NAME_EMITTER_SPN_43B
31365,EMITTER_NAME_EMITTER_SPN_44
31410,EMITTER_NAME_EMITTER_SPN_46
31455,EMITTER_NAME_EMITTER_SPN_703
31500,EMITTER_NAME_EMITTER_SPN_728_V_1
31545,EMITTER_NAME_EMITTER_SPN_748
31590,EMITTER_NAME_EMITTER_SPN_750
31635,EMITTER_NAME_EMITTER_SPONGE_CAKE
31680,EMITTER_NAME_EMITTER_SPOON_REST
31681,EMITTER_NAME_EMITTER_SPOON_REST_A
31682,EMITTER_NAME_EMITTER_SPOON_REST_B
31684,EMITTER_NAME_EMITTER_SPOON_REST_D
31725,EMITTER_NAME_EMITTER_SPQ_712_RAN_12_L_X
31770,EMITTER_NAME_EMITTER_SPS_6C
31815,EMITTER_NAME_EMITTER_SPS_10F
31860,EMITTER_NAME_EMITTER_SPS_12
31905,EMITTER_NAME_EMITTER_DELETED_SPS_58
31950,EMITTER_NAME_EMITTER_DELETED_SPS_64
31995,EMITTER_NAME_EMITTER_SPS_768_RAN_EL
32040,EMITTER_NAME_EMITTER_SPS_774_RAN_10S
32085,EMITTER_NAME_EMITTER_SPY_790
32130,EMITTER_NAME_EMITTER_SQUARE_HEAD
32175,EMITTER_NAME_EMITTER_SQUARE_PAIR
32220,EMITTER_NAME_EMITTER_SQUARE_SLOT
32265,EMITTER_NAME_EMITTER_SQUARE_TIE
32310,EMITTER_NAME_EMITTER_SQUASH_DOME
32330,EMITTER_NAME_EMITTER_SQUAT_EYE
32355,EMITTER_NAME_EMITTER_SQUINT_EYE
32400,EMITTER_NAME_EMITTER_SRN_6
32445,EMITTER_NAME_EMITTER_SRN_15
32490,EMITTER_NAME_EMITTER_SRN_745
32535,EMITTER_NAME_EMITTER_SRO_1
32580,EMITTER_NAME_EMITTER_SRO_2
32625,EMITTER_NAME_EMITTER_SS_C_2B_SAMLET_MG
32670,EMITTER_NAME_EMITTER_SS_N_2A_B_CSSC
32715,EMITTER_NAME_EMITTER_SS_N_2A_B_CSSC_2A_3A2_MH
32760,EMITTER_NAME_EMITTER_SS_N_2C_SEEKER
32805,EMITTER_NAME_EMITTER_SS_N_2C_D_STYX
32850,EMITTER_NAME_EMITTER_SS_N_2C_D_STYX_C_D_MH
32895,EMITTER_NAME_EMITTER_SS_N_3_SSC_SS_C_18_BN
32940,EMITTER_NAME_EMITTER_SS_N_3B_SEPAL_AL
32985,EMITTER_NAME_EMITTER_SS_N_3B_SEPAL_MH
33030,EMITTER_NAME_EMITTER_SS_N_9_SIREN
33075,EMITTER_NAME_EMITTER_SS_N_9_SIREN_AL
33120,EMITTER_NAME_EMITTER_SS_N_9_SIREN_MH
33165,EMITTER_NAME_EMITTER_SS_N_12_SANDBOX_AL
33210,EMITTER_NAME_EMITTER_SS_N_12_SANDBOX_MH
33255,EMITTER_NAME_EMITTER_SS_N_19_SHIPWRECK
33300,EMITTER_NAME_EMITTER_SS_N_19_SHIPWRECK_AL
33345,EMITTER_NAME_EMITTER_SS_N_19_SHIPWRECK_MH
33390,EMITTER_NAME_EMITTER_SS_N_21_AL
33435,EMITTER_NAME_EMITTER_SS_N_22_SUNBURN
33480,EMITTER_NAME_EMITTER_SS_N_22_SUNBURN_MH
33525,EMITTER_NAME_EMITTER_STONE_CAKE
33570,EMITTER_NAME_EMITTER_STR_41
33590,EMITTER_NAME_EMITTER_STRAIGHT_FLUSH_TA
33595,EMITTER_NAME_EMITTER_STRAIGHT_FLUSH_TT
33600,EMITTER_NAME_EMITTER_STRAIGHT_FLUSH_ILL
33615,EMITTER_NAME_EMITTER_STRIKE_OUT
33660,EMITTER_NAME_EMITTER_STRUT_CURVE
33705,EMITTER_NAME_EMITTER_STRUT_PAIR
33750,EMITTER_NAME_EMITTER_STRUT_PAIR_1
33795,EMITTER_NAME_EMITTER_STRUT_PAIR_2
33840,EMITTER_NAME_EMITTER_SUN_VISOR
33860,EMITTER_NAME_EMITTER_SUPERFLEDERMAUS
33885,EMITTER_NAME_EMITTER_SWIFT_ROD_1
33930,EMITTER_NAME_EMITTER_SWIFT_ROD_2
33975,EMITTER_NAME_EMITTER_T1166
34020,EMITTER_NAME_EMITTER_T1171
34040,EMITTER_NAME_EMITTER_T1202
34065,EMITTER_NAME_EMITTER_T6004
34110,EMITTER_NAME_EMITTER_T6031
34155,EMITTER_NAME_EMITTER_T8067
34200,EMITTER_NAME_EMITTER_T8068
34245,EMITTER_NAME_EMITTER_T8124
34290,EMITTER_NAME_EMITTER_T8408
34335,EMITTER_NAME_EMITTER_T8911
34380,EMITTER_NAME_EMITTER_T8937
34425,EMITTER_NAME_EMITTER_T8944
34470,EMITTER_NAME_EMITTER_T8987
34515,EMITTER_NAME_EMITTER_TALL_KING
34560,EMITTER_NAME_EMITTER_TALL_MIKE
34605,EMITTER_NAME_EMITTER_TALL_PATH
34625,EMITTER_NAME_EMITTER_TEAM_WORK
34640,EMITTER_NAME_EMITTER_THAAD_GBR
34650,EMITTER_NAME_EMITTER_THD_225
34670,EMITTER_NAME_EMITTER_THD_1940
34695,EMITTER_NAME_EMITTER_THD_5500
34740,EMITTER_NAME_EMITTER_THIN_PATH
34785,EMITTER_NAME_EMITTER_THIN_SKIN
34795,EMITTER_NAME_EMITTER_THOMPSON_CSF_TA_10
34830,EMITTER_NAME_EMITTER_THOMPSON_CSF_TH_D_1040_NEPTUNE
34875,EMITTER_NAME_EMITTER_THOMPSON_CSF_CALYPSO
34920,EMITTER_NAME_EMITTER_THOMPSON_CSF_CASTOR
34965,EMITTER_NAME_EMITTER_THOMPSON_CSF_CASTOR_II
35010,EMITTER_NAME_EMITTER_THOMPSON_CSF_DRBC_32A
35055,EMITTER_NAME_EMITTER_THOMPSON_CSF_DRBJ_11_D_E
35100,EMITTER_NAME_EMITTER_THOMPSON_CSF_DRBV_15A
35145,EMITTER_NAME_EMITTER_THOMPSON_CSF_DRBV_15C
35190,EMITTER_NAME_EMITTER_THOMPSON_CSF_DRBV_22D
35235,EMITTER_NAME_EMITTER_THOMPSON_CSF_DRBV_23B
35280,EMITTER_NAME_EMITTER_THOMPSON_CSF_DRUA_33
35325,EMITTER_NAME_EMITTER_THOMPSON_CSF_MARS_DRBV_21A
35370,EMITTER_NAME_EMITTER_THOMPSON_CSF_SEA_TIGER
35415,EMITTER_NAME_EMITTER_THOMPSON_CSF_TRITON
35460,EMITTER_NAME_EMITTER_THOMPSON_CSF_VEGA_WITH_DRBC_32E
35480,EMITTER_NAME_EMITTER_TRS_2105
35490,EMITTER_NAME_EMITTER_TRS_2100
35505,EMITTER_NAME_EMITTER_TIE_RODS
35550,EMITTER_NAME_EMITTER_TIN_SHIELD
35570,EMITTER_NAME_EMITTER_TIN_TRAP
35580,EMITTER_NAME_EMITTER_TIRSPONDER
35595,EMITTER_NAME_EMITTER_TOAD_STOOL_1
35640,EMITTER_NAME_EMITTER_TOAD_STOOL_2
35685,EMITTER_NAME_EMITTER_TOAD_STOOL_3
35730,EMITTER_NAME_EMITTER_TOAD_STOOL_4
35775,EMITTER_NAME_EMITTER_TOAD_STOOL_5
35800,EMITTER_NAME_EMITTER_TOMB_STONE
35820,EMITTER_NAME_EMITTER_TOP_BOW
35865,EMITTER_NAME_EMITTER_TOP_DOME
35910,EMITTER_NAME_EMITTER_TOP_KNOT
35955,EMITTER_NAME_EMITTER_TOP_MESH
36000,EMITTER_NAME_EMITTER_TOP_PAIR
36045,EMITTER_NAME_EMITTER_TOP_PLATE
36090,EMITTER_NAME_EMITTER_TOP_SAIL
36135,EMITTER_NAME_EMITTER_TOP_STEER
36180,EMITTER_NAME_EMITTER_TOP_TROUGH
36220,EMITTER_NAME_EMITTER_SCRUM_HALF_TA
36225,EMITTER_NAME_EMITTER_SCRUM_HALF_TT
36230,EMITTER_NAME_EMITTER_SCRUM_HALF_MG
36270,EMITTER_NAME_EMITTER_TRACK_DISH
36315,EMITTER_NAME_EMITTER_TORSO_M
36360,EMITTER_NAME_EMITTER_TRAP_DOOR
36380,EMITTER_NAME_EMITTER_TRISPONDE
36405,EMITTER_NAME_EMITTER_TRS_3033
36420,EMITTER_NAME_EMITTER_TRS_3405
36425,EMITTER_NAME_EMITTER_TRS_3410
36430,EMITTER_NAME_EMITTER_TRS_3415
36450,EMITTER_NAME_EMITTER_TRS_N
36495,EMITTER_NAME_EMITTER_TSE_5000
36540,EMITTER_NAME_EMITTER_TSR_333
36585,EMITTER_NAME_EMITTER_TUBE_ARM
36630,EMITTER_NAME_EMITTER_TWIN_EYES
36675,EMITTER_NAME_EMITTER_TWIN_PILL
36720,EMITTER_NAME_EMITTER_TWIN_SCAN
36765,EMITTER_NAME_EMITTER_TWIN_SCAN_RO
36810,EMITTER_NAME_EMITTER_TWO_SPOT
36855,EMITTER_NAME_EMITTER_TYPE_262
36900,EMITTER_NAME_EMITTER_TYPE_275
36945,EMITTER_NAME_EMITTER_TYPE_293
36990,EMITTER_NAME_EMITTER_TYPE_343_SUN_VISOR_B
37035,EMITTER_NAME_EMITTER_TYPE_347B
37050,EMITTER_NAME_EMITTER_TYPE_404ACH
37080,EMITTER_NAME_EMITTER_TYPE_756
37125,EMITTER_NAME_EMITTER_TYPE_903
37170,EMITTER_NAME_EMITTER_TYPE_909_TI
37215,EMITTER_NAME_EMITTER_TYPE_909_TT
37260,EMITTER_NAME_EMITTER_TYPE_910
37265,EMITTER_NAME_EMITTER_TYPE_931CH
37305,EMITTER_NAME_EMITTER_TYPE_965
37350,EMITTER_NAME_EMITTER_TYPE_967
37395,EMITTER_NAME_EMITTER_TYPE_968
37440,EMITTER_NAME_EMITTER_TYPE_974
37485,EMITTER_NAME_EMITTER_TYPE_975
37530,EMITTER_NAME_EMITTER_TYPE_978
37575,EMITTER_NAME_EMITTER_TYPE_992
37620,EMITTER_NAME_EMITTER_TYPE_993
37665,EMITTER_NAME_EMITTER_TYPE_994
37710,EMITTER_NAME_EMITTER_TYPE_10061
37755,EMITTER_NAME_EMITTER_TYPE_10062
37800,EMITTER_NAME_EMITTER_TYPE_1022
37845,EMITTER_NAME_EMITTER_UK_MK_10
37850,EMITTER_NAME_EMITTER_UPS_220C
37890,EMITTER_NAME_EMITTER_UPX_1_10
37935,EMITTER_NAME_EMITTER_UPX_27
37980,EMITTER_NAME_EMITTER_URN_20
38025,EMITTER_NAME_EMITTER_URN_25
38045,EMITTER_NAME_EMITTER_VOLEX_III_IV
38070,EMITTER_NAME_EMITTER_W8818
38115,EMITTER_NAME_EMITTER_W8838
38120,EMITTER_NAME_EMITTER_W8852
38160,EMITTER_NAME_EMITTER_WAS_74S
38205,EMITTER_NAME_EMITTER_WASP_HEAD
38210,EMITTER_NAME_EMITTER_WATCHDOG
38250,EMITTER_NAME_EMITTER_WATCH_GUARD
38260,EMITTER_NAME_EMITTER_WATCHMAN
38295,EMITTER_NAME_EMITTER_WESTERN_ELECTRIC_MK_10
38320,EMITTER_NAME_EMITTER_WESTINGHOUSE_ADR_4_LRSR
38340,EMITTER_NAME_EMITTER_WESTINGHOUSE_ELECTRIC_SPG_50
38385,EMITTER_NAME_EMITTER_WESTINGHOUSE_ELECTRIC_W_120
38430,EMITTER_NAME_EMITTER_WESTINGHOUSE_SPS_29C
38475,EMITTER_NAME_EMITTER_WESTINGHOUSE_SPS_37
38520,EMITTER_NAME_EMITTER_WET_EYE
38565,EMITTER_NAME_EMITTER_WET_EYE_MOD
38570,EMITTER_NAME_EMITTER_WGU_41_B
38572,EMITTER_NAME_EMITTER_WGU_44_B
38610,EMITTER_NAME_EMITTER_WHIFF
38655,EMITTER_NAME_EMITTER_WHIFF_BRICK
38700,EMITTER_NAME_EMITTER_WHIFF_FIRE
38715,EMITTER_NAME_EMITTER_WHITE_HOUSE
38745,EMITTER_NAME_EMITTER_WILD_CARD
38790,EMITTER_NAME_EMITTER_WITCH_EIGHT
38835,EMITTER_NAME_EMITTER_WITCH_FIVE
38880,EMITTER_NAME_EMITTER_WM2X_SERIES
38925,EMITTER_NAME_EMITTER_WM2X_SERIES_CAS
38950,EMITTER_NAME_EMITTER_WSR_74C
38955,EMITTER_NAME_EMITTER_WSR_74S
38970,EMITTER_NAME_EMITTER_WOOD_GAGE
39015,EMITTER_NAME_EMITTER_YARD_RAKE
39060,EMITTER_NAME_EMITTER_YEW_LOOP
39105,EMITTER_NAME_EMITTER_YO_YO
39200,EMITTER_NAME_EMITTER_AN_ALQ_136V1
39201,EMITTER_NAME_EMITTER_AN_ALQ_136V2
39202,EMITTER_NAME_EMITTER_AN_ALQ_136V3
39203,EMITTER_NAME_EMITTER_AN_ALQ_136V4
39204,EMITTER_NAME_EMITTER_AN_ALQ_136V5
39210,EMITTER_NAME_EMITTER_AN_ALQ_162_V2
39211,EMITTER_NAME_EMITTER_AN_ALQ_162_V3
39212,EMITTER_NAME_EMITTER_AN_ALQ_162_V4
60008,EMITTER_NAME_EMITTER_AN_ALR_46
60009,EMITTER_NAME_EMITTER_DELETED_ALR_56
60010,EMITTER_NAME_EMITTER_AN_ALR_59
60013,EMITTER_NAME_EMITTER_AN_ALR_67
60014,EMITTER_NAME_EMITTER_DELETED_ALR_69
60022,EMITTER_NAME_EMITTER_AN_AYR_2
60025,EMITTER_NAME_EMITTER_CHAPARRAL
60026,EMITTER_NAME_EMITTER_FLANKER
60027,EMITTER_NAME_EMITTER_FOXBAT
60028,EMITTER_NAME_EMITTER_FOXHOUND
60029,EMITTER_NAME_EMITTER_FULCRUM
60030,EMITTER_NAME_EMITTER_HAVOC
60031,EMITTER_NAME_EMITTER_HIND
60032,EMITTER_NAME_EMITTER_KJ_200
60033,EMITTER_NAME_EMITTER_KJ_8602
60034,EMITTER_NAME_EMITTER_PASTEL
60035,EMITTER_NAME_EMITTER_SERVAL
60036,EMITTER_NAME_EMITTER_SHERLOC
60037,EMITTER_NAME_EMITTER_SHERLOCVF
60038,EMITTER_NAME_EMITTER_SIRENA_2
60039,EMITTER_NAME_EMITTER_SIRENA_3
60040,EMITTER_NAME_EMITTER_SIRENA_3M
60041,EMITTER_NAME_EMITTER_SKY_GUARDIAN
60042,EMITTER_NAME_EMITTER_SPO_15
60043,EMITTER_NAME_EMITTER_SPS_200
